hero_id,name,role,effect_logodds,effect_pp,std_error,ci_low_pp,ci_high_pp,p_adjusted,within_role_logodds,within_role_pp,within_role_se,within_role_ci_low_pp,within_role_ci_high_pp
1042,Peni Parker,Tank,0.6217608057094091,15.544020142735226,0.046526589794506065,13.26421724280443,17.823823042666024,0.0,0.4023720364217477,10.059300910543692,0.020229596153675297,9.068050699013602,11.05055112207378
1020,Mantis,Support,0.5126395442512816,12.815988606282039,0.039995821916828815,10.856193332357428,14.77578388020665,0.0,0.3973365807677229,9.933414519193072,0.009358226551935685,9.474861418148222,10.39196762023792
1029,Magik,Damage,0.14150626811110542,3.5376567027776353,0.026383602014974337,2.244860204043893,4.830453201511379,1.663485959679389e-07,0.31890515939263075,7.972628984815769,0.011896521581208064,7.389699427336574,8.555558542294964
1061,Black Cat,Damage,0.12645055979918737,3.1612639949796844,0.027638074293871842,1.806998354579964,4.515529635379405,8.176025235312467e-06,0.3038494510807127,7.596236277017818,0.014128678889401048,6.903931011437166,8.28854154259847
1028,Ultron,Support,0.3843856391490948,9.60964097872737,0.04196667164520842,7.553274068112158,11.666007889342582,0.0,0.2690826756655361,6.727066891638403,0.015295694623794872,5.977577855072455,7.476555928204352
1015,Storm,Damage,0.07784569850686567,1.9461424626716417,0.028703422086976228,0.5396747804098064,3.3526101449334766,0.009193856482567042,0.25524458978839104,6.381114744709776,0.016161286406289437,5.589211710801593,7.173017778617958
1055,Daredevil,Damage,0.04802269235489613,1.2005673088724034,0.02654291020362917,-0.10003529110542593,2.5011699088502324,0.08239768876371638,0.22542158363642148,5.635539590910537,0.01193316515891042,5.050814498123926,6.220264683697148
1051,The Thing,Tank,0.41238374944069134,10.309593736017284,0.04263035430478826,8.22070637508266,12.398481096951908,0.0,0.19299498015302988,4.824874503825747,0.009512545920493434,4.358759753721569,5.290989253929925
1023,Rocket Raccoon,Support,0.2942422411416089,7.356056028540222,0.03949535338027966,5.42078371290652,9.291328344173925,3.2057689836051395e-13,0.17893927765805023,4.473481941451256,0.007218189981549567,4.119790632355327,4.827173250547184
1046,Adam Warlock,Support,0.27864097899886653,6.966024474971663,0.04225294010591154,4.895630409781998,9.036418540161328,1.1726580817494892e-10,0.1633380155153079,4.0834503878826975,0.015757677850617276,3.3113241732024514,4.8555766025629445
1040,Mister Fantastic,Damage,-0.052550864519565116,-1.313771612989128,0.02898049032654345,-2.733815638989757,0.10627241301150117,0.08239768876371638,0.12484802676196022,3.1212006690490055,0.01663599265386314,2.306037029009712,3.936364309088299
1052,Iron Fist,Damage,-0.06424137367459284,-1.606034341864821,0.026302120280654373,-2.894838235616885,-0.3172304481127569,0.019103751054186935,0.11315751760693249,2.8289379401733123,0.011660368202179784,2.2575798982665027,3.400295982080122
1056,Angela,Tank,0.3052189391098302,7.630473477745755,0.04373287420692353,5.487562641606503,9.773384313885009,9.606890446554965e-12,0.08583016982216879,2.14575424555422,0.01322146824389602,1.4979023016033148,2.7936061895051245
1011,Hulk,Tank,0.29953112752424793,7.488278188106198,0.043327919536144045,5.36521013083514,9.611346245377256,1.3724226433671567e-11,0.0801423582365865,2.0035589559146625,0.011798601789361722,1.4254274682359382,2.5816904435933865
1034,Iron Man,Damage,-0.10501747044349385,-2.6254367610873466,0.02745768179157857,-3.9708631688746965,-1.2800103532999965,0.00018950390650053275,0.0723814208380315,1.8095355209507873,0.013966468156539492,1.1251785812803523,2.4938924606212223
1016,Loki,Support,0.18466429881442287,4.616607470360572,0.0412746168043717,2.594151246946358,6.639063693774785,1.2792544492231292e-05,0.0693613353308642,1.7340333832716048,0.013316910620487777,1.081504762867704,2.3865620036755057
1036,Spider-man,Damage,-0.12588359950297345,-3.1470899875743363,0.02524345162999174,-4.384019117443931,-1.9101608577047409,1.0892333845990976e-06,0.05151529177855189,1.287882294463797,0.009027568068777475,0.845531459093701,1.7302331298338933
1017,Human Torch,Damage,-0.12950277801226145,-3.237569450306536,0.031222604406927534,-4.767477066245986,-1.707661834367087,5.130206675480537e-05,0.04789611326926391,1.1974028317315977,0.020177945002482135,0.20868352660997314,2.186122136853222
1024,Hela,Damage,-0.13644123754757082,-3.4110309386892705,0.025636238325892152,-4.667206616657986,-2.154855260720555,2.0137595717934736e-07,0.040957653733954526,1.023941343348863,0.009916166901006895,0.5380491651995253,1.5098335214982008
1026,Black Panther,Damage,-0.13979785313178883,-3.494946328294721,0.027317932047059654,-4.833524998600644,-2.1563676579887976,5.87384910213067e-07,0.037601038149736546,0.9400259537434137,0.013725965623576876,0.2674536381881467,1.6125982692986804
1049,Wolverine,Damage,-0.14276145628742604,-3.569036407185651,0.02813821920563329,-4.947809148261682,-2.1902636661096193,7.157404346610127e-07,0.0346374349940993,0.8659358748524825,0.015224086982938149,0.11995561268851318,1.6119161370164516
1039,Thor,Tank,0.2536618584970318,6.341546462425796,0.043005694880216064,4.234267413295209,8.448825511556382,9.617011525755342e-09,0.034273089209370354,0.8568272302342589,0.010790578937030228,0.32808886231977774,1.38556559814874
10572,Deadpool (Duelist),Damage,-0.14512329848692282,-3.6280824621730705,0.026324155754984275,-4.9179660941673005,-2.338198830178841,7.465260986306586e-08,0.03227559279460254,0.8068898198650636,0.011636058718779463,0.23672294264486987,1.3770566970852574
1037,Magneto,Tank,0.2440375158864857,6.100937897162143,0.042144589720455414,4.035853000859827,8.166022793464458,1.7546111230615224e-08,0.024648746598824232,0.6162186649706058,0.00708695060434523,0.26895808535768956,0.9634792445835221
1066,The Hood,Tank,0.24138839421665365,6.034709855416341,0.042424394023272284,3.9559145482759988,8.113505162556683,3.040586314130144e-08,0.021999624928992177,0.5499906232248044,0.00861169989627297,0.12801732830742896,0.97196391814218
1044,Blade,Damage,-0.15842155127269086,-3.9605387818172715,0.028472879535381114,-5.355709879050946,-2.565367684583597,5.8023300919529676e-08,0.018977340008834463,0.47443350022086156,0.01562978885054494,-0.2914261534558404,1.2402931538975637
1048,Psylocke,Damage,-0.17205275219244315,-4.301318804811078,0.030439425547355542,-5.7928506566315,-2.809786952990657,3.628060046834136e-08,0.005346139089082193,0.1336534772270548,0.019087680010016893,-0.8016428432637729,1.0689497977178826
1041,Winter Soldier,Damage,-0.183723406418995,-4.5930851604748755,0.02450407795274887,-5.79378498015957,-3.3923853407901805,2.3854992055779195e-13,-0.006324515137469677,-0.15811287843674193,0.006804204778681371,-0.4915189125921291,0.1752931557186452
1059,Elsa Bloodstone,Damage,-0.18397004197493882,-4.59925104937347,0.026397123916467192,-5.892710121280363,-3.305791977466578,9.731289848010268e-12,-0.006571150693413484,-0.1642787673353371,0.011670714066108088,-0.7361437565746335,0.40758622190395927
1022,Captain America,Tank,0.19331896128948872,4.832974032237218,0.046374231301311915,2.5606366984729343,7.1053113660015015,4.8145344202435835e-05,-0.026069807998172732,-0.6517451999543183,0.019672393491417518,-1.6156924810337765,0.3122020811251401
1062,Devil Dinosaur,Tank,0.1864637564748546,4.661593911871365,0.0432924186312291,2.540265398941139,6.7829224248015905,2.6760161415640512e-05,-0.03292501281280686,-0.8231253203201715,0.011805979455887908,-1.401618313658679,-0.24463232698166398
1033,Black Widow,Damage,-0.2115343532933971,-5.288358832334927,0.025631269213854,-6.544291023813773,-4.032426640856081,9.394194823751325e-16,-0.03413546201187176,-0.853386550296794,0.010130062929109474,-1.3497596338231581,-0.3570134667704297
1035,Venom,Tank,0.17079699006945306,4.269924751736327,0.043179974381697905,2.1541060070331293,6.385743496439524,0.00011354541470936613,-0.04859177921820841,-1.2147944804552102,0.01152893384874437,-1.7797122390436844,-0.6498767218667362
1021,Hawkeye,Damage,-0.23226890713537102,-5.806722678384276,0.030849109166462198,-7.318329027540924,-4.295116329227628,2.00633160878689e-13,-0.05487001585384568,-1.3717503963461422,0.019675217003610763,-2.33583602952307,-0.40766476316921474
1025,Cloak & Dagger,Support,0.04753721966961144,1.1884304917402861,0.039675942630297806,-0.7556906971443064,3.1325516806248785,0.2591326566970427,-0.06776574381394725,-1.6941435953486812,0.008176034278632822,-2.0947692750016893,-1.2935179156956729
1058,Gambit,Support,0.045170057406951084,1.129251435173777,0.04025676957052977,-0.8433302737821814,3.1018331441297358,0.28802589063373724,-0.0701329060766076,-1.75332265191519,0.010211799487349628,-2.253700826795322,-1.2529444770350582
1027,Groot,Tank,0.148698362774079,3.7174590693519747,0.04460311156427781,1.5319066027023622,5.903011536001587,0.0012080921342552747,-0.07069040651358247,-1.7672601628395617,0.015559364554342744,-2.529669026002356,-1.0048512996767671
1030,Moon Knight,Damage,-0.24869632727511282,-6.21740818187782,0.027643003496504,-7.571915353206517,-4.862901010549124,0.0,-0.07129743599358751,-1.7824358998396876,0.014305579274729493,-2.4834092843014326,-1.0814625153779427
1064,Jubilee,Support,0.03848250107347706,0.9620625268369265,0.03977583601103591,-0.986953437703833,2.911078491377686,0.35944326119464654,-0.07682046241008163,-1.9205115602520406,0.008558815256389078,-2.3398935078151055,-1.501129612688976
1043,Star-lord,Damage,-0.28059446176016534,-7.014861544004133,0.027826455506833325,-8.378357863838966,-5.6513652241693,0.0,-0.10319557047864003,-2.5798892619660005,0.01457538492580674,-3.2940831233305308,-1.8656954006014705
1018,Doctor Strange,Tank,0.11495880646034215,2.8739701615085536,0.04260260557749709,0.7864424882111966,4.961497834805911,0.00934651001282947,-0.10442996282731934,-2.6107490706829837,0.009368600173363934,-3.069810479177816,-2.151687662188151
1047,Jeff The Land Shark,Support,-0.005615627785791877,-0.14039069464479692,0.040544410564993,-2.1270668123294536,1.84628542303986,0.9063193807689488,-0.12091859126935058,-3.0229647817337644,0.011269069015776118,-3.575149163506794,-2.4707803999607347
1050,Invisible Woman,Support,-0.02186074766497133,-0.5465186916242832,0.03955871881694181,-2.484895913654432,1.3918585304058657,0.6024336377081669,-0.13716371114853,-3.4290927787132497,0.007493197980736876,-3.7962594797693567,-3.0619260776571426
1065,Rogue,Tank,0.06649628152839285,1.6624070382098213,0.04605553778647338,-0.5943143133273744,3.9191283897470166,0.1704854752863765,-0.15289248775926864,-3.822312193981716,0.01893727889846989,-4.750238860006741,-2.8943855279566915
1045,Namor,Damage,-0.33582416264688686,-8.395604066172172,0.025692340794648546,-9.65452876510995,-7.136679367234393,0.0,-0.1584252713653615,-3.9606317841340375,0.010022793813105248,-4.451748680976195,-3.46951488729188
1038,Scarlet Witch,Damage,-0.34102882985993777,-8.525720746498443,0.030504334791609168,-10.020433151287293,-7.031008341709595,0.0,-0.1636299385784125,-4.0907484644603125,0.019053489134292938,-5.024369432040666,-3.1571274968799576
1053,Emma Frost,Tank,0.0293337695637033,0.7333442390925825,0.042549770794300466,-1.35159452982814,2.8182830080133052,0.5188744535858627,-0.1900549997239582,-4.751374993098955,0.009062576094147085,-5.195441221712162,-4.3073087644857475
1031,Luna Snow,Support,-0.079416127632946,-1.98540319082365,0.03982388497378536,-3.936773554539133,-0.03403282710816753,0.056383583665813114,-0.19471909111650468,-4.867977277912617,0.008437004538893523,-5.281390500318399,-4.454564055506834
1060,White Fox,Support,-0.08262395678694485,-2.0655989196736213,0.040116078348012445,-4.031286758726231,-0.0999110806210117,0.049293366395146414,-0.19792692027050354,-4.948173006762588,0.009670403583579753,-5.422022782357996,-4.474323231167181
1063,Cyclops,Damage,-0.3849958389618969,-9.624895974047423,0.025627253785526657,-10.880631409538227,-8.369160538556617,0.0,-0.2075969476803715,-5.1899236920092875,0.009854293324429062,-5.6727840649063115,-4.7070633191122635
10573,Deadpool (Strategist),Support,-0.09730749534839739,-2.4326873837099345,0.04027177803113023,-4.406004507235315,-0.45937026018455335,0.02005635432957359,-0.21261045883195606,-5.315261470798902,0.010372433988051448,-5.823510736213422,-4.80701220538438
10571,Deadpool (Vanguard),Tank,0.0027822207702585646,0.06955551925646411,0.04357662514411869,-2.0656991128053517,2.20481015131828,0.9490923466288128,-0.21660654851740288,-5.415163712935072,0.012579748838946424,-6.031571406043447,-4.798756019826697
1014,The Punisher,Damage,-0.39786012464148546,-9.946503116037137,0.02649477664050791,-11.244747171422025,-8.648259060652249,0.0,-0.2204612333599601,-5.511530833999003,0.011987681226703076,-6.098927214107453,-4.924134453890551
1054,Phoenix,Damage,-0.47328963146604885,-11.832240786651221,0.02864292406827524,-13.235744065996707,-10.428737507305735,0.0,-0.29589074018452355,-7.397268504613089,0.015892226023737823,-8.175987579776242,-6.618549429449935
1032,Squirrel Girl,Damage,-0.5380149628672742,-13.450374071681855,0.028885318140026022,-14.865754660543132,-12.03499348282058,0.0,-0.36061607158574893,-9.015401789643724,0.016639825865169374,-9.830753257037022,-8.200050322250425
