hero_id,name,role,beta,slope,beta_p25,pp50_p25,beta_p50,pp50_p50,beta_p75,pp50_p75
1011,Hulk,Tank,0.0728786813865863,-0.00657452756391778,0.07711442421777344,1.9269058163653097,0.07271256604427305,1.817013657953026,0.06859539571496547,1.7142127844180899
1014,The Punisher,Damage,-0.04226569768167399,-0.00518410564632479,-0.03892575604874975,-0.9730210430231867,-0.04239668191980443,-1.0597583116732645,-0.04564312749989193,-1.1408801285434755
1015,Storm,Damage,0.13108187022412787,-0.0016104750286096868,0.1321194441016301,3.2981898552426614,0.13104117914662253,3.2713495737100917,0.13003265040605225,3.2462434590132982
1016,Loki,Support,0.020671627232117552,0.03497707667976474,-0.001862904772173088,-0.04657260583547651,0.021555375761466475,0.5388635296617261,0.04345909141431096,1.0863063158454422
1017,Human Torch,Damage,-0.0030901112399669625,-0.019684053176160708,0.009591649741189333,0.23978940515221314,-0.003587458494150786,-0.08968636616622505,-0.01591421488987695,-0.3978469756478309
1018,Doctor Strange,Tank,-0.024644443801761638,-0.009152410313684994,-0.0187478594468589,-0.468682758446648,-0.02487569323489098,-0.6218602639361359,-0.030607212620703345,-0.765120585943041
1020,Mantis,Support,0.26598849737283636,0.03203175436635127,0.24535153561268694,6.103202664657214,0.26679782789730827,6.630660812416933,0.28685709259589937,7.122652365086157
1021,Hawkeye,Damage,-0.05200320966992378,-0.013191837201372689,-0.043504160983510676,-1.0874325226752635,-0.052336521308082154,-1.308114457057008,-0.06059765341020118,-1.5144779238298989
1022,Captain America,Tank,-0.0692673553595493,-0.010133911310817078,-0.06273842354363328,-1.5679463215880207,-0.06952340389383599,-1.7373853488401703,-0.07586956923622717,-1.8958299214590968
1023,Rocket Raccoon,Support,0.17560013472630034,-0.004044239744279751,0.17820569981639892,4.443389554004263,0.17549795091719975,4.376222401400954,0.17296532424283034,4.313384835132128
1024,Hela,Damage,0.08603051021465719,0.019998528085116443,0.07314614382524191,1.8278387022881981,0.0865358031511189,2.162046050185651,0.0990594933572028,2.4744642163678443
1025,Cloak & Dagger,Support,0.010299313870402914,-0.019442191140916804,0.022825251429729913,0.5706065125011262,0.00980807762486367,0.24519997497124413,-0.0023672173638471516,-0.059180406460318524
1026,Black Panther,Damage,-0.007670729721360667,-0.036124767183114616,0.015603219948263924,0.39007258480072693,-0.008583476380077846,-0.21458559201837368,-0.031205910943396316,-0.7800844701804532
1027,Groot,Tank,-0.03255503592460127,0.006229172407919587,-0.036568278262481296,-0.9141050940856488,-0.03239764650052328,-0.8098703265882579,-0.028496748137151737,-0.7123704965061595
1028,Ultron,Support,0.15116231547862363,-0.02328349952458083,0.1661630764059111,4.144545329370086,0.15057402279049145,3.757254376939867,0.1359931829547654,3.394599500907014
1029,Magik,Damage,0.10324652794373032,-0.01697231715690968,0.11418121032616677,2.851433003872317,0.10281769678484334,2.5681803627967237,0.09218911245864332,2.3030969062372453
1030,Moon Knight,Damage,0.04014155052104859,0.011764509887081175,0.03256207991541628,0.8139800779761397,0.04043879858458484,1.0108322175090723,0.047806094648832044,1.194924799201802
1031,Luna Snow,Support,-0.11952927656978624,0.00289888417873802,-0.12139692831497328,-3.0312014997550927,-0.11945603189433299,-2.9828545931537054,-0.1176406619209372,-2.9376294284220394
1032,Squirrel Girl,Damage,-0.14567338082995893,0.0006490777794454809,-0.14609155940240234,-3.6458069967309603,-0.14565698090213564,-3.6350001269487784,-0.14525050853602794,-3.624891876695174
1033,Black Widow,Damage,-0.0013913231070603665,0.011870691296939384,-0.009039202756725078,-0.2259785302477335,-0.001091392210259765,-0.027284802548166454,0.006342397901801848,0.15855941602767043
1034,Iron Man,Damage,0.08382641315591784,-0.020482580672422913,0.09702263804112124,2.423665006789011,0.08330888990169469,2.081518510859026,0.07048207115429624,1.7613226923775982
1035,Venom,Tank,-0.03934973106509097,-0.009336577150814106,-0.03333449432756028,-0.8332851982063572,-0.03958563375077649,-0.9895116315697505,-0.045432484045174866,-1.1356167712970933
1036,Spider-man,Damage,-0.0031653344598878306,0.012247754499042798,-0.011056143010479115,-0.27640075970450373,-0.0028558764933043143,-0.07139686380636112,0.004814042133373913,0.12035082090690041
1037,Magneto,Tank,0.08029805294562005,0.026055794709873042,0.06351119722401119,1.5872464304854783,0.08095639184760123,2.022805138664263,0.09727332775563055,2.429917485734645
1038,Scarlet Witch,Damage,-0.07804712838221464,-0.001878533683182174,-0.07683685349868509,-1.919976817479152,-0.07809459236541268,-1.951373162674358,-0.07927098763759155,-1.9807375715547526
1039,Thor,Tank,0.04883512658160237,0.016450527086538297,0.0382366156622061,0.9557989431328129,0.04925077392837317,1.2310205240131489,0.0595525973466639,1.4883750813429408
1040,Mister Fantastic,Damage,0.08824889391692663,-0.006788141791438223,0.09262226107534681,2.3139025383819956,0.08807738128938145,2.2005121537702066,0.08382643919458735,2.09443467979048
1041,Winter Soldier,Damage,0.04520709130025472,-0.015068118294047554,0.05491496360331924,1.3725291847456966,0.044826372593990624,1.1204716978035822,0.035390255860793654,0.8846640638317416
1042,Peni Parker,Tank,0.09639278837716926,0.0013556850498572955,0.09551936695251882,2.3861701749683384,0.09642704180206355,2.4088098730427943,0.09727601326182152,2.429984464819368
1043,Star-lord,Damage,-0.040952190748629894,-0.005870836557641047,-0.037169811920594244,-0.9291383260788932,-0.0411005262776784,-1.027368537209311,-0.044777023767169535,-1.1192385960046847
1044,Blade,Damage,-0.02773721147117561,-0.020862798014743975,-0.014296025580581009,-0.35739455261915576,-0.02826434148928545,-0.706561500116315,-0.04132926397041586,-1.033084551775737
1045,Namor,Damage,-0.02779537531159249,-0.015208726230880272,-0.017996914132801627,-0.44991070996115434,-0.028179646689182675,-0.7044445516693199,-0.03770381641477563,-0.9424837618507653
1046,Adam Warlock,Support,0.10179733314903135,-0.033421445935007524,0.12332962556864936,3.07933851630513,0.10095288997374263,2.5216809733367263,0.08002335789278303,1.9995170292855025
1047,Jeff The Land Shark,Support,-0.09906133514171248,0.017708996321477214,-0.1104706346673376,-2.758960629168822,-0.09861389067405045,-2.4633513110716097,-0.08752397531393366,-2.186703633901038
1048,Psylocke,Damage,-0.018593628860759315,0.017335299448359258,-0.029762168295874882,-0.7439992894870517,-0.018155626407507588,-0.4538781927226232,-0.007299731463793072,-0.18249247623649545
1049,Wolverine,Damage,-0.029130858983164497,0.03577541476956698,-0.052179732863410155,-1.3041974208210294,-0.028226939239415768,-0.7056266303455683,-0.005823279847019726,-0.1455815847792974
1050,Invisible Woman,Support,-0.07009539502302153,0.022199715624819354,-0.08439791111988729,-2.1086962383256527,-0.06953448576765348,-1.7376620611251004,-0.05563234457180661,-1.3904500174525491
1051,The Thing,Tank,0.17741411340055055,-0.010834845263788815,0.18439463294464495,4.59684826642901,0.1771403547141039,4.416965016731622,0.17035524308303676,4.24861116364178
1052,Iron Fist,Damage,0.054965507053248625,0.012245806276586724,0.047075953675629334,1.1766815417998178,0.05527491579505712,1.3815211641073577,0.06294361438522122,1.5730710315962293
1053,Emma Frost,Tank,-0.09837164539415319,-0.00012151120220396921,-0.09829335989019256,-2.4553574285529844,-0.09837471555771289,-2.4573864114325383,-0.09845080959055844,-2.4592841635772356
1054,Phoenix,Damage,-0.12953921156260012,0.025469517181505915,-0.1459483487616651,-3.642245747552242,-0.12889568584550082,-3.2179381177607382,-0.11294589486477855,-2.820649476353143
1055,Daredevil,Damage,0.038525327254276334,0.004210185718155635,0.03581284885940026,0.8952255418136268,0.038631703938376366,0.9656725032882618,0.04126825105923679,1.0315598792043579
1056,Angela,Tank,0.042467887835234905,-0.008730667087107086,0.04809275748041718,1.202087252306383,0.04224729438000971,1.0560252950284732,0.0367798835072687,0.9193934468080922
1058,Gambit,Support,0.029946681844246315,0.01900419757871672,0.01770292852905831,0.44256165528473446,0.030426851522673548,0.7606126081346254,0.042327861540915196,1.0580385738606535
1059,Elsa Bloodstone,Damage,-0.003152026000824498,0.040293575746554636,-0.029111796182343046,-0.7277435086007644,-0.0021339481141488463,-0.05334868260907788,0.02309912192968021,0.5774523725590397
1060,White Fox,Support,-0.12290728632403428,-0.015542548906877028,-0.1128937546336372,-2.819350116973829,-0.12329999223438078,-3.0786004922042864,-0.13303321193405962,-3.320933963834033
1061,Black Cat,Damage,0.1284569980116182,-0.01019535206831899,0.13502551400230592,3.370518495402297,0.12819939708404313,3.200602612579584,0.12181475565932699,3.0416086606648074
1062,Devil Dinosaur,Tank,-0.013552481346340139,0.006192816465304302,-0.017542300796140897,-0.4385462737227841,-0.013396010509916387,-0.33489525459697855,-0.009517879350237343,-0.23794518747022875
1063,Cyclops,Damage,-0.12760817928419352,-0.0036196575782500157,-0.12527615793522706,-3.1278143279688586,-0.12769963538530832,-3.1881595662130446,-0.12996637571585518,-3.244593572300214
1064,Jubilee,Support,-0.065404998380125,-0.006641400783454966,-0.061126171425021865,-1.5276786459122782,-0.06557280337506304,-1.638732942144805,-0.0697318517606457,-1.7425902346266287
1065,Rogue,Tank,-0.07505263201613854,0.007863650358688763,-0.0801189124918005,-2.0019020693640144,-0.0748539450445705,-1.8704753339281066,-0.06992948657632594,-1.747525086587337
1066,The Hood,Tank,0.05167764731116795,0.021350800391366193,0.03792205821086986,0.9479378569242747,0.052217107444415975,1.3051311491751316,0.06558763194578696,1.6391032581096976
10571,Deadpool (Vanguard),Tank,-0.2171709729302963,-0.03061399657721365,-0.1974474239337738,-4.920211239710998,-0.217944481668614,-5.427146665520638,-0.23711590305879496,-5.900278698185124
10572,Deadpool (Duelist),Damage,-0.061915092280819164,0.0008819395950629045,-0.06248329574198189,-1.56157437329571,-0.061892808748457456,-1.5468264620082828,-0.06134051118825516,-1.5330321201772967
10573,Deadpool (Strategist),Support,-0.27846761223487887,-0.026445298714750404,-0.26142981242940416,-6.498773882838494,-0.279135792542265,-6.933433924577365,-0.2956966477762743,-7.339019110138789
