hero_id,name,role,contexts_total,contexts_legal,coverage,obs_meta_pp,obs_meta_logodds,common_ref_contexts,common_ref_pp,obs_meta_pp_third0,n_third0,obs_meta_pp_third1,n_third1,obs_meta_pp_third2,n_third2
1011,Hulk,Tank,457234,411829,0.9006963611629931,0.06450471109020638,0.0026913033854202963,411829,1.4221499585432174,0.7508137349597098,138085,0.07998622424392092,137194,-0.6450738482406696,136550
1018,Doctor Strange,Tank,457234,387185,0.8467983570775577,-1.4075578593865412,-0.05909993546530358,387185,0.06035112113793599,-0.677090065821882,126462,-1.4152165625289754,127789,-2.0950999486481696,132934
1022,Captain America,Tank,457234,439106,0.9603529046396375,-2.2837928467540234,-0.09581151062489918,439106,-0.8700729939992471,-1.8243324265607097,143959,-2.301477694315393,146264,-2.7106838019798913,148883
1027,Groot,Tank,457234,378743,0.8283351631768416,-1.955201145013843,-0.0819851670659734,378743,-0.48816355426947755,-1.8390337921325552,113359,-1.9623005872622141,127214,-2.043971981730102,138170
1035,Venom,Tank,457234,294791,0.6447267701002113,-2.3437400453317783,-0.0982593935460114,294791,-0.8275765026547225,-1.8406033084617675,91995,-2.3508730375536313,94702,-2.7656927483399256,108094
1037,Magneto,Tank,457234,187168,0.4093483861655082,0.8110712579704631,0.03406780666797169,187168,1.874426405094511,0.5514021226998728,72480,0.8352981909770728,63924,1.151315061825515,50764
1039,Thor,Tank,457234,413043,0.9033514568032999,-0.15029800423279968,-0.006230655276952566,413043,1.2096025705128712,-0.44174830359988704,135175,-0.16503384162639423,137561,0.14493937340799,140307
1042,Peni Parker,Tank,457234,258527,0.5654150828678532,0.9495536195360437,0.039921732902824664,258527,2.252649921773828,1.1586347812143039,67217,0.9687374297305654,82607,0.8056889106203146,108703
1051,The Thing,Tank,457234,233452,0.5105744542181903,4.125813741676366,0.17304295591686034,233452,5.015274817142248,4.718192589089196,72195,4.196826078136501,76722,3.5554582751020014,84535
1053,Emma Frost,Tank,457234,358878,0.7848891377281655,-3.251205030598219,-0.13630007396478885,358878,-1.5478341234561315,-2.9690993634837097,113620,-3.2716880681862883,119910,-3.4873214812824345,125348
1056,Angela,Tank,457234,428153,0.9363979931501157,0.14192533621938902,0.006003450512774968,428153,1.4915545991022752,0.7264470527725289,141560,0.08759681270952306,142649,-0.3790757798056178,143944
1062,Devil Dinosaur,Tank,457234,410822,0.8984939877611902,-1.4475549525305293,-0.060887433745249506,410822,-0.006832808496305036,-1.2092659156361458,128586,-1.4580183546961967,137743,-1.6496365322167137,144493
1065,Rogue,Tank,457234,429348,0.9390115345752941,-2.9692974348952323,-0.12482066795644929,429348,-1.5651102242206218,-2.954732982432505,140832,-2.993574166577767,143121,-2.959507764370762,145395
1066,The Hood,Tank,457234,186599,0.4081039467756116,1.150466344503321,0.04822229263613073,186599,2.1132889559766954,1.0493050210217076,62731,1.1854780789950636,62570,1.218254310769377,61298
10571,Deadpool (Vanguard),Tank,457234,435912,0.9533674223701649,-6.595095085132956,-0.2778696161346853,435912,-5.057157343796841,-5.450049960450654,141531,-6.571110317894479,145371,-7.706067980506657,149010
1014,The Punisher,Damage,501050,372391,0.7432212354056481,-1.7713341644043672,-0.07457909445113801,372391,-1.0328106886123474,-1.5366510474665798,120830,-1.778067020071497,120054,-1.9808169658166963,131507
1015,Storm,Damage,501050,474575,0.9471609619798423,2.4182379137490173,0.10177233623841829,474575,3.025659231640906,2.6814769069778683,160357,2.4006733496678874,157980,2.165819389422913,156238
1017,Human Torch,Damage,501050,465132,0.9283145394671191,0.0524693680954563,0.0020036473251477884,465132,0.7092151186244322,0.8323932257985516,159740,0.037305701731399694,154566,-0.758009261413154,150826
1021,Hawkeye,Damage,501050,475128,0.9482646442470811,-1.4938416609038319,-0.06302305392476144,475128,-0.788219904184596,-0.9604956185255002,159770,-1.4983061405085274,157401,-2.0288605814741585,157957
1024,Hela,Damage,501050,372221,0.7428819479093903,0.7047709329728544,0.029626749196691594,372221,1.3297923132476932,0.49733427843928046,125592,0.7531912861639934,124991,0.8691955038344851,121638
1026,Black Panther,Damage,501050,239094,0.4771859095898613,-1.470496492425169,-0.061926455995826475,239094,-0.6642308513413572,0.02667230589934549,55171,-1.2600495846279056,70960,-2.3339085153853922,112963
1029,Magik,Damage,501050,312386,0.6234627282706316,4.06941071216202,0.17104338623391288,312386,4.3683175775495044,4.905396631540063,104102,4.092006285362058,99036,3.2523194943224993,109248
1030,Moon Knight,Damage,501050,465568,0.9291847121045804,0.28803315747275327,0.011967850209763495,465568,0.9504677807913252,0.2569178720072991,151609,0.2945217504669197,155586,0.31144512216712456,158373
1032,Squirrel Girl,Damage,501050,477894,0.9537850513920766,-3.861523234187104,-0.16287664025561086,477894,-3.1238133516830264,-3.596405288440763,155736,-3.859041692344265,160579,-4.119520201035109,161579
1033,Black Widow,Damage,501050,428751,0.8557050194591358,-0.9070982793653141,-0.03785437817515388,428751,-0.2149802826475854,-1.1651991593528328,153352,-0.9162031126907341,147105,-0.5881460863229125,128294
1034,Iron Man,Damage,501050,468125,0.9342879952100589,0.5992370642402896,0.02513647164892196,468125,1.248400605717922,1.518186012288911,155113,0.6126010459411105,155579,-0.3193764608001899,157433
1036,Spider-man,Damage,501050,297900,0.594551441971859,-0.31719432083578275,-0.01307125231602621,297900,0.4108776670582904,-0.5931782210975116,88538,-0.3424886648032719,101001,-0.06812116170626828,108361
1038,Scarlet Witch,Damage,501050,473000,0.9440175631174533,-2.635494184112056,-0.11118705736194391,473000,-1.902836086157442,-2.2514177907372037,154189,-2.596644070674308,158298,-3.0427524764313283,160513
1040,Mister Fantastic,Damage,501050,476718,0.9514379802414928,1.883323278479454,0.07925645184769434,476718,2.5132786203725326,2.0572414999211186,160234,1.8537960494616403,158384,1.736637815774038,158100
1041,Winter Soldier,Damage,501050,283070,0.5649535974453648,0.41968809064218005,0.01757929243529985,283070,1.0106789303890353,1.0051460154612752,107577,0.36285163286589084,92018,-0.2721577315393738,83475
1043,Star-lord,Damage,501050,469751,0.9375331803213253,-2.250133588823178,-0.09452096010880713,469751,-1.5340170576692795,-2.148534753445134,158683,-2.2707195676432024,156452,-2.333574438644308,154616
1044,Blade,Damage,501050,468734,0.9355034427701826,-0.7786923013466013,-0.032796488358558036,468734,-0.09122390950367412,-0.04253143661555406,154541,-0.8158967259168852,156844,-1.4646308546840816,157349
1045,Namor,Damage,501050,339166,0.676910487975252,-1.8107503192386247,-0.07628806933349562,339166,-1.0691656987360751,-1.0328019161348703,94240,-1.7436953951981193,112233,-2.4199733588739942,132693
1048,Psylocke,Damage,501050,472639,0.9432970761401058,-1.476582867130997,-0.061904140574868004,472639,-0.7710557802658671,-1.8636090738739275,160338,-1.493044704223384,157701,-1.0584000979973998,154600
1049,Wolverine,Damage,501050,469025,0.936084223131424,-0.3524408129232559,-0.014617788865508153,469025,0.3191946783288137,-1.2423091949479297,161790,-0.3380718124123857,157253,0.5924208177419981,149982
1052,Iron Fist,Damage,501050,440103,0.8783614409739547,1.1667984515642031,0.049215722230359846,440103,1.7586431508856701,0.9220939123751007,151666,1.1294197683473801,146567,1.467015834405498,141870
1054,Phoenix,Damage,501050,464194,0.9264424708112963,-3.9849943479930867,-0.1675848839091418,464194,-3.2068544998033777,-4.535404170105778,155864,-3.995345145021476,153838,-3.419389511321763,154492
1055,Daredevil,Damage,501050,409928,0.8181379103881848,1.9531384706971955,0.08189480795856661,409928,2.514530428327769,1.8388098745177877,148175,1.9238033350736854,140707,2.1271904729695623,121046
1059,Elsa Bloodstone,Damage,501050,226930,0.45290889132821077,-1.2381967764290118,-0.0518872347813436,226930,-0.6762890502738109,-1.921744749792992,119066,-0.7797450489541601,76325,0.23287062891160343,31539
1061,Black Cat,Damage,501050,145140,0.2896716894521505,3.8839256228035874,0.16291074560629065,145140,4.17430289219555,4.092342876102046,85568,3.6473770879195127,44990,3.390747118770668,14582
1063,Cyclops,Damage,501050,425653,0.8495220037920367,-5.114438024757147,-0.2154401546021178,425653,-4.1237410408481585,-4.873843828945606,135610,-5.114830560195137,142270,-5.334851313228251,147773
10572,Deadpool (Duelist),Damage,501050,466069,0.9301846123141403,-1.8555720877942494,-0.07785863147741141,466069,-1.133844377390435,-1.7553362397282608,158643,-1.8658904869292539,155038,-1.949424436270772,152388
1016,Loki,Support,481716,455182,0.9449177523686155,0.21165703307190287,0.00885034022733258,455182,0.6861753396400766,-0.4017247847168694,154782,0.29656770508153635,152526,0.7661113615004325,147874
1020,Mantis,Support,481716,362158,0.7518081193068115,6.444529610062078,0.2704348735839263,362158,6.211148686787656,5.812722136310355,140181,6.586667466811703,128052,7.193705725531733,93925
1023,Rocket Raccoon,Support,481716,372138,0.7725257205490372,3.868822967990909,0.16214818525054167,372138,3.891835454965996,4.519562664098456,127560,3.9193952392297677,123197,3.1336279396479827,121381
1025,Cloak & Dagger,Support,481716,152516,0.3166097866792882,0.2922658126329603,0.012046085923541268,152516,0.8238472989717687,1.4820913476470952,48602,0.4742472540432458,47142,-0.8774458368372129,56772
1028,Ultron,Support,481716,458859,0.9525508806018483,3.062026064332549,0.1281770888702518,458859,3.488909235262983,4.109088542461098,154416,3.1420819019774693,153139,1.9124010012555441,151304
1031,Luna Snow,Support,481716,374868,0.7781929601674016,-3.6959343733167267,-0.1549647270745317,374868,-2.732439435355182,-3.4225265276785635,129441,-3.6541784274340214,125562,-4.034925279954809,119865
1046,Adam Warlock,Support,481716,457389,0.9494992900381137,1.9637175750229947,0.08211634527501559,457389,2.4044143854358073,2.954439651774108,155108,1.9527558300983325,152989,0.945632925568014,149292
1047,Jeff The Land Shark,Support,481716,442351,0.9182817261623031,-2.423108859880281,-0.10160259417611721,442351,-1.7850539019258667,-2.516014088506397,146679,-2.3558518342042527,147640,-2.398131701165668,148032
1050,Invisible Woman,Support,481716,358528,0.7442725589351402,-2.1201517143152233,-0.08882081614362491,358528,-1.3154330917436357,-2.383282017218102,122184,-2.077460719125902,120075,-1.8877235375653811,116269
1058,Gambit,Support,481716,192156,0.3988989363027178,-0.7108034582565336,-0.029831300799979626,192156,-0.3054656868408562,-1.1529464402207603,84192,-0.5240570501257094,67568,-0.10166342872517782,40396
1060,White Fox,Support,481716,426991,0.8863957186391982,-3.596864522573263,-0.1510469242853064,426991,-2.8560568235129162,-3.00880431237343,137914,-3.561619721986628,142733,-4.185425255856703,146344
1064,Jubilee,Support,481716,322974,0.6704655855317241,-2.0852260084329632,-0.08773194699221876,322974,-1.2613756313351931,-1.5663958979995423,99902,-1.9538384507074555,106516,-2.6499935261172505,116556
10573,Deadpool (Strategist),Support,481716,449647,0.933427579735778,-7.1738214149560715,-0.3021531167704556,449647,-6.372172979531044,-6.1360054096305,149668,-7.154168926859185,149832,-8.227937830745933,150147
