hero_id,week,size,mean,name
1011,0,25547,0.5069871217755509,Hulk
1011,1,22498,0.5059560849853321,Hulk
1011,2,17300,0.5006936416184972,Hulk
1011,3,11391,0.5066280396804494,Hulk
1011,4,3678,0.4964654703643284,Hulk
1014,0,24851,0.48911512615186514,The Punisher
1014,1,21115,0.4917357328913095,The Punisher
1014,2,15569,0.4878283769028197,The Punisher
1014,3,9899,0.4918678654409536,The Punisher
1014,4,2947,0.48082796063793687,The Punisher
1015,0,13863,0.5188631609319772,Storm
1015,1,13715,0.5196500182282173,Storm
1015,2,9593,0.527884916084645,Storm
1015,3,5707,0.5177851760995269,Storm
1015,4,1735,0.5227665706051873,Storm
1016,0,15627,0.5189095795738146,Loki
1016,1,13707,0.5110527467717225,Loki
1016,2,9876,0.5178209801539084,Loki
1016,3,6647,0.5190311418685121,Loki
1016,4,1912,0.5350418410041841,Loki
1017,0,16274,0.5025808037360207,Human Torch
1017,1,15206,0.5073655136130475,Human Torch
1017,2,12351,0.4970447737025342,Human Torch
1017,3,8466,0.5074415308291992,Human Torch
1017,4,2689,0.528821123094087,Human Torch
1018,0,42462,0.501295275775988,Doctor Strange
1018,1,37713,0.4931190836051229,Doctor Strange
1018,2,28781,0.4935547757200931,Doctor Strange
1018,3,19097,0.4884536838246845,Doctor Strange
1018,4,5831,0.47950608814954554,Doctor Strange
1020,0,43713,0.5575458101708873,Mantis
1020,1,41008,0.5581349980491611,Mantis
1020,2,32044,0.5557046560978655,Mantis
1020,3,22479,0.5578539970639264,Mantis
1020,4,7161,0.5543918447144254,Mantis
1021,0,13561,0.48005309342968805,Hawkeye
1021,1,11004,0.47446383133406034,Hawkeye
1021,2,8024,0.4864157527417747,Hawkeye
1021,3,5561,0.49469519870526885,Hawkeye
1021,4,1638,0.4694749694749695,Hawkeye
1022,0,10809,0.4916273475807198,Captain America
1022,1,9695,0.48468282619907166,Captain America
1022,2,6627,0.47925154670288217,Captain America
1022,3,4289,0.48379575658661694,Captain America
1022,4,1472,0.48165760869565216,Captain America
1023,0,66896,0.5327523319779957,Rocket Raccoon
1023,1,55210,0.5351204491939866,Rocket Raccoon
1023,2,40686,0.5343607137590326,Rocket Raccoon
1023,3,25658,0.5365967729363161,Rocket Raccoon
1023,4,7978,0.5273251441464026,Rocket Raccoon
1024,0,34440,0.5045586527293844,Hela
1024,1,30525,0.4952006552006552,Hela
1024,2,23221,0.5019163688040997,Hela
1024,3,16256,0.49421751968503935,Hela
1024,4,5111,0.4830757190373704,Hela
1025,0,105728,0.5078030417675545,Cloak & Dagger
1025,1,88620,0.5051342812006319,Cloak & Dagger
1025,2,66874,0.5030505129048659,Cloak & Dagger
1025,3,42674,0.5023199137648217,Cloak & Dagger
1025,4,13006,0.49730893433799783,Cloak & Dagger
1026,0,20171,0.48247484011699965,Black Panther
1026,1,18101,0.48599524888127726,Black Panther
1026,2,13849,0.4869665679832479,Black Panther
1026,3,9746,0.48132567207059307,Black Panther
1026,4,3064,0.48368146214099217,Black Panther
1027,0,18443,0.49487610475519167,Groot
1027,1,16463,0.49747919577233796,Groot
1027,2,12504,0.49864043506078054,Groot
1027,3,8414,0.4926313287378179,Groot
1027,4,2437,0.4952810832991383,Groot
1028,0,12770,0.5317932654659357,Ultron
1028,1,10512,0.533009893455099,Ultron
1028,2,7834,0.5377840183814143,Ultron
1028,3,5313,0.5375494071146245,Ultron
1028,4,2618,0.5278838808250573,Ultron
1029,0,51180,0.5344665885111372,Magik
1029,1,45336,0.5293806246691372,Magik
1029,2,30125,0.527402489626556,Magik
1029,3,19056,0.5312237615449202,Magik
1029,4,5943,0.5332323742217735,Magik
1030,0,17632,0.5047073502722323,Moon Knight
1030,1,14630,0.5055365686944634,Moon Knight
1030,2,11522,0.4989585141468495,Moon Knight
1030,3,7890,0.5034220532319391,Moon Knight
1030,4,2508,0.49122807017543857,Moon Knight
1031,0,63336,0.4717222432739674,Luna Snow
1031,1,54780,0.4804490690032859,Luna Snow
1031,2,41354,0.47037771436862214,Luna Snow
1031,3,27752,0.475785528970885,Luna Snow
1031,4,8204,0.4687957094100439,Luna Snow
1032,0,11219,0.4510205900704163,Squirrel Girl
1032,1,8740,0.4562929061784897,Squirrel Girl
1032,2,6509,0.46520202796128435,Squirrel Girl
1032,3,4261,0.47477118047406713,Squirrel Girl
1032,4,1253,0.47166799680766164,Squirrel Girl
1033,0,27162,0.4881083867167366,Black Widow
1033,1,23151,0.48844542352382186,Black Widow
1033,2,17342,0.4875446891938646,Black Widow
1033,3,11861,0.4940561504089031,Black Widow
1033,4,3749,0.4945318751667111,Black Widow
1034,0,16722,0.5059801459155603,Iron Man
1034,1,13586,0.5108199617253054,Iron Man
1034,2,10412,0.5028812908182866,Iron Man
1034,3,6843,0.5034341663013299,Iron Man
1034,4,2194,0.5214220601640839,Iron Man
1035,0,31889,0.48581015397158894,Venom
1035,1,29103,0.4843486925746487,Venom
1035,2,22473,0.4877408445690384,Venom
1035,3,14612,0.4879551053928278,Venom
1035,4,4596,0.48672758920800696,Venom
1036,0,46151,0.4932720851119152,Spider-man
1036,1,39200,0.48885204081632655,Spider-man
1036,2,29475,0.4939779474130619,Spider-man
1036,3,19763,0.48919698426352276,Spider-man
1036,4,6195,0.4994350282485876,Spider-man
1037,0,120857,0.5062180924563741,Magneto
1037,1,112865,0.50704824347672,Magneto
1037,2,87298,0.5058764232857569,Magneto
1037,3,57069,0.5064921410923618,Magneto
1037,4,17746,0.5087907134002029,Magneto
1038,0,17592,0.46947476125511595,Scarlet Witch
1038,1,12883,0.4786928510440115,Scarlet Witch
1038,2,8436,0.4794926505452821,Scarlet Witch
1038,3,5127,0.4690852350302321,Scarlet Witch
1038,4,1510,0.4695364238410596,Scarlet Witch
1039,0,26083,0.5006325959437181,Thor
1039,1,22324,0.5081974556531088,Thor
1039,2,16914,0.511115052619132,Thor
1039,3,10809,0.5075400129521694,Thor
1039,4,3385,0.507533234859675,Thor
1040,0,14007,0.5148854144356393,Mister Fantastic
1040,1,11267,0.5134463477411911,Mister Fantastic
1040,2,8328,0.5129682997118156,Mister Fantastic
1040,3,5282,0.5206361226808027,Mister Fantastic
1040,4,1577,0.4965123652504756,Mister Fantastic
1041,0,73000,0.49717808219178083,Winter Soldier
1041,1,64196,0.5013552246245871,Winter Soldier
1041,2,47883,0.5019526763151849,Winter Soldier
1041,3,31379,0.496064246789254,Winter Soldier
1041,4,9809,0.48944846569477013,Winter Soldier
1042,0,12687,0.5223457082052495,Peni Parker
1042,1,11996,0.5163387795931977,Peni Parker
1042,2,9731,0.5174185592436543,Peni Parker
1042,3,6723,0.5192622341216718,Peni Parker
1042,4,2059,0.5143273433705683,Peni Parker
1043,0,17715,0.5003104713519616,Star-lord
1043,1,14719,0.4960255452136694,Star-lord
1043,2,10080,0.4963293650793651,Star-lord
1043,3,6564,0.4945155393053016,Star-lord
1043,4,1883,0.5034519383961763,Star-lord
1044,0,15630,0.4944977607165707,Blade
1044,1,12710,0.485051140833989,Blade
1044,2,10032,0.48395135566188197,Blade
1044,3,6667,0.49497525123743813,Blade
1044,4,2029,0.49975357318876296,Blade
1045,0,24870,0.4825090470446321,Namor
1045,1,20883,0.480630177656467,Namor
1045,2,15840,0.486489898989899,Namor
1045,3,9961,0.47746210219857443,Namor
1045,4,2887,0.4863179771388985,Namor
1046,0,12114,0.5279841505695889,Adam Warlock
1046,1,10952,0.5226442658875091,Adam Warlock
1046,2,8805,0.5155025553662692,Adam Warlock
1046,3,5675,0.5226431718061674,Adam Warlock
1046,4,1983,0.5148764498234998,Adam Warlock
1047,0,24780,0.48018563357546407,Jeff The Land Shark
1047,1,19537,0.4782208117930081,Jeff The Land Shark
1047,2,14345,0.4832345765074939,Jeff The Land Shark
1047,3,9472,0.4809966216216216,Jeff The Land Shark
1047,4,2748,0.4810771470160116,Jeff The Land Shark
1048,0,15356,0.47909611878093256,Psylocke
1048,1,12970,0.48157286044718584,Psylocke
1048,2,9464,0.4783389687235841,Psylocke
1048,3,6184,0.49902975420439843,Psylocke
1048,4,1908,0.48846960167714887,Psylocke
1049,0,12525,0.49397205588822357,Wolverine
1049,1,11342,0.4937400811144419,Wolverine
1049,2,9390,0.5040468583599574,Wolverine
1049,3,6438,0.4954954954954955,Wolverine
1049,4,2037,0.5002454590083456,Wolverine
1050,0,73888,0.49086455175400606,Invisible Woman
1050,1,63071,0.49157298917093434,Invisible Woman
1050,2,47612,0.49224985297824075,Invisible Woman
1050,3,32039,0.48756203377134116,Invisible Woman
1050,4,9631,0.4903955975495795,Invisible Woman
1051,0,37064,0.5429257500539607,The Thing
1051,1,34428,0.5366271639363309,The Thing
1051,2,26741,0.5342732134175985,The Thing
1051,3,17785,0.539780714084903,The Thing
1051,4,5512,0.5517053701015965,The Thing
1052,0,29927,0.5103418317906907,Iron Fist
1052,1,23104,0.5099549861495845,Iron Fist
1052,2,16853,0.510888269150893,Iron Fist
1052,3,10936,0.5060351133869788,Iron Fist
1052,4,3294,0.505464480874317,Iron Fist
1053,0,48924,0.48442482217316657,Emma Frost
1053,1,47184,0.4809681247880638,Emma Frost
1053,2,36581,0.48391241354801673,Emma Frost
1053,3,25059,0.4833792250289317,Emma Frost
1053,4,8037,0.4821450790095807,Emma Frost
1054,0,16512,0.45342781007751937,Phoenix
1054,1,12299,0.45255711846491586,Phoenix
1054,2,9443,0.45038652970454307,Phoenix
1054,3,5488,0.4495262390670554,Phoenix
1054,4,1563,0.4286628278950736,Phoenix
1055,0,21210,0.5192362093352192,Daredevil
1055,1,20423,0.5120207609068207,Daredevil
1055,2,17470,0.5125357756153406,Daredevil
1055,3,11868,0.5101112234580384,Daredevil
1055,4,3570,0.5187675070028012,Daredevil
1056,0,12671,0.5160602951621813,Angela
1056,1,12524,0.508783136378154,Angela
1056,2,10123,0.5092363923738022,Angela
1056,3,7608,0.506440588853838,Angela
1056,4,2239,0.5149620366234926,Angela
1058,0,57418,0.502264098366366,Gambit
1058,1,53963,0.4999351407445842,Gambit
1058,2,43000,0.5053488372093023,Gambit
1058,3,29109,0.5019066268164485,Gambit
1058,4,9705,0.5090159711488923,Gambit
1059,0,30981,0.48833155805170914,Elsa Bloodstone
1059,1,24527,0.4883189953928324,Elsa Bloodstone
1059,2,17695,0.4944334557784685,Elsa Bloodstone
1059,3,11557,0.5028986761270225,Elsa Bloodstone
1059,4,3675,0.4960544217687075,Elsa Bloodstone
1060,0,36031,0.47905969859287834,White Fox
1060,1,28273,0.4742333675237859,White Fox
1060,2,19044,0.47495274102079393,White Fox
1060,3,11706,0.4759097898513583,White Fox
1060,4,3412,0.47450175849941384,White Fox
1061,0,27503,0.5236883249100098,Black Cat
1061,1,20801,0.5252151338877938,Black Cat
1061,2,10248,0.5290788446526151,Black Cat
1061,3,5631,0.5247735748534896,Black Cat
1061,4,1510,0.5317880794701987,Black Cat
1062,0,22840,0.489492119089317,Devil Dinosaur
1062,1,18352,0.4881211857018309,Devil Dinosaur
1062,2,14599,0.49078704020823344,Devil Dinosaur
1062,3,9985,0.4898347521281923,Devil Dinosaur
1062,4,3080,0.4824675324675325,Devil Dinosaur
1063,0,34008,0.4558045165843331,Cyclops
1063,1,28781,0.4474132240019457,Cyclops
1063,2,25158,0.4488035614913745,Cyclops
1063,3,14565,0.4454514246481291,Cyclops
1063,4,4176,0.44516283524904215,Cyclops
1064,0,105244,0.4975675572954278,Jubilee
1064,1,79035,0.49255393180236606,Jubilee
1064,2,56689,0.4931468186067844,Jubilee
1064,3,35864,0.4906033905866607,Jubilee
1064,4,10560,0.4984848484848485,Jubilee
1065,0,15396,0.49175110418290463,Rogue
1065,1,14641,0.49538965917628575,Rogue
1065,2,11207,0.5030784331221558,Rogue
1065,3,7691,0.49187361851514755,Rogue
1065,4,3124,0.5054417413572343,Rogue
1066,0,171629,0.5030327042632655,The Hood
1066,1,105347,0.5140060941460127,The Hood
1066,2,68540,0.5130288882404436,The Hood
1066,3,41815,0.5164892980987684,The Hood
1066,4,12269,0.5128372320482517,The Hood
10571,0,14855,0.4541905082463817,Deadpool (Vanguard)
10571,1,11349,0.450700502246894,Deadpool (Vanguard)
10571,2,7826,0.457832864809609,Deadpool (Vanguard)
10571,3,4715,0.4462354188759279,Deadpool (Vanguard)
10571,4,1383,0.4671005061460593,Deadpool (Vanguard)
10572,0,18338,0.48124113861926054,Deadpool (Duelist)
10572,1,15107,0.4797113920699014,Deadpool (Duelist)
10572,2,11928,0.4798792756539235,Deadpool (Duelist)
10572,3,8369,0.4901421914207193,Deadpool (Duelist)
10572,4,2698,0.4855448480355819,Deadpool (Duelist)
10573,0,20975,0.4445768772348033,Deadpool (Strategist)
10573,1,16481,0.439718463685456,Deadpool (Strategist)
10573,2,11812,0.4363359295631561,Deadpool (Strategist)
10573,3,7477,0.4390798448575632,Deadpool (Strategist)
10573,4,2138,0.44340505144995324,Deadpool (Strategist)
